Zipcode,MedianIncome,ErrorMargin
6390,46250,6648
10001,101409,11816
10002,37093,3148
10003,137533,10077
10004,216017,10041
10005,197188,17558
10006,200536,24685
10007,"250,000",0
10009,77551,8516
10010,131635,18605
10011,139343,14488
10012,117581,10760
10013,137572,21050
10014,136559,13983
10016,136431,12756
10017,136112,8861
10018,130457,24262
10019,105538,13099
10021,136060,15170
10022,156255,13538
10023,136109,11196
10024,153177,17247
10025,103440,6815
10026,65038,6857
10027,58435,5213
10028,149789,11622
10029,33901,4162
10030,42834,6415
10031,57180,4302
10032,55059,4503
10033,71630,4146
10034,63851,3370
10035,32555,5945
10036,98177,10754
10037,48782,8464
10038,99924,21419
10039,50164,5284
10040,54700,5905
10044,115294,12874
10065,152335,14050
10069,183178,93892
10075,131372,28807
10128,127919,10591
10162,99300,16969
10280,178148,35936
10282,"250,000+",***
10301,78053,5038
10302,73927,11834
10303,69879,5480
10304,64539,5750
10305,76833,5721
10306,88687,4533
10307,117469,12054
10308,116082,9754
10309,107500,14840
10310,96161,13046
10312,100875,5703
10314,94578,5196
10451,33945,4114
10452,33877,2678
10453,34860,3026
10454,21846,2122
10455,30741,1669
10456,31166,2602
10457,38066,4209
10458,38768,2835
10459,36631,3449
10460,31504,3005
10461,61087,4930
10462,59032,2837
10463,63048,4556
10464,118972,20071
10465,80245,5577
10466,62918,5284
10467,42639,2072
10468,40138,2946
10469,70415,3997
10470,70107,6746
10471,96368,11817
10472,36730,2484
10473,48212,4600
10474,33157,11107
10475,56327,8323
10501,237361,91462
10502,226848,28953
10503,86964,38318
10504,229671,21280
10505,150179,49821
10506,220469,90651
10507,83359,9116
10509,111376,7480
10510,190368,22853
10511,118984,10574
10512,101924,11228
10514,246991,31550
10516,119980,12203
10517,78750,38095
10520,120769,11450
10522,136204,24684
10523,110420,7575
10524,123426,23252
10526,202823,93020
10527,207917,49011
10528,134458,8583
10530,104090,13616
10532,121489,19099
10533,204118,43707
10535,146635,77252
10536,198919,28382
10537,103854,54418
10538,203932,39242
10541,120397,8015
10543,119900,12739
10546,174107,51765
10547,123229,35699
10548,111052,23715
10549,110813,15342
10550,48472,6268
10552,86470,5583
10553,80400,5767
10560,159957,34773
10562,97083,11118
10566,75642,6763
10567,143465,7261
10570,165439,25426
10573,98626,6049
10576,215119,30613
10577,"250,000+",***
10578,"250,000+",***
10579,122193,13967
10580,211696,13648
10583,218498,11426
10588,119620,48363
10589,106500,16913
10590,160278,36541
10591,100993,11155
10594,167857,48409
10595,99500,30371
10596,83512,21941
10597,"250,000+",***
10598,140337,6758
10601,75592,13753
10603,118063,10180
10604,101619,22579
10605,131463,5751
10606,101853,13860
10607,142344,15770
10701,55553,1858
10703,78473,11113
10704,88341,8160
10705,61078,8494
10706,171615,29298
10707,119530,12975
10708,113298,15325
10709,142536,15191
10710,89043,9207
10801,73632,1937
10803,184821,19913
10804,213892,26491
10805,75336,10174
10901,102470,8179
10913,171146,20870
10914,83469,4395
10916,99792,21321
10917,117917,28719
10918,120288,19797
10919,94355,15456
10920,132241,16316
10921,99722,16536
10922,88750,40831
10923,91310,14544
10924,98462,15451
10925,95625,26828
10926,81726,17604
10927,69679,7930
10928,83571,23099
10930,130577,18467
10931,79091,7725
10940,70407,5715
10941,89118,8314
10950,77362,7915
10952,61272,8663
10954,109932,10896
10956,156555,9221
10958,122591,6986
10960,108327,15174
10962,144167,35095
10963,76622,21362
10964,145673,95133
10965,121359,11000
10968,114526,37521
10969,129698,14109
10970,106375,11914
10973,99250,58652
10974,92639,5676
10975,81250,37843
10976,65000,33346
10977,67799,8717
10980,117883,11917
10983,137308,31205
10984,121607,54970
10986,186726,37225
10987,174375,46209
10988,78750,35332
10989,117038,14931
10990,117168,13547
10992,105765,11006
10993,53688,16717
10994,156500,30150
10996,121219,3816
10998,106250,22889
11001,132344,9121
11003,107088,5601
11004,100174,13406
11005,60800,24064
11010,123401,4047
11020,168319,25892
11021,105606,9799
11023,131458,46634
11024,129479,20526
11030,232400,34998
11040,140368,10251
11050,138559,13624
11096,69021,10014
11101,98920,7830
11102,95478,7233
11103,82597,5179
11104,81142,4778
11105,93200,5783
11106,71972,5601
11109,160898,42907
11201,148282,7688
11203,61414,3077
11204,58850,4665
11205,68607,4839
11206,49013,3388
11207,45616,2643
11208,49679,3003
11209,84145,5152
11210,77378,3936
11211,89091,6368
11212,30733,2339
11213,48896,4319
11214,58487,3055
11215,156930,8212
11216,84661,5694
11217,133269,12241
11218,81857,5488
11219,44450,2802
11220,57046,2456
11221,66923,4211
11222,110385,7390
11223,57281,5244
11224,37241,3595
11225,68542,5938
11226,66173,1913
11228,77189,6741
11229,69076,3802
11230,61017,3209
11231,121638,6696
11232,77031,9457
11233,52380,3126
11234,86185,2465
11235,58669,3780
11236,73562,2963
11237,65908,9623
11238,114427,7767
11239,33736,5023
11249,105222,3946
11354,52273,5450
11355,46963,2168
11356,73318,7722
11357,88580,6345
11358,74854,6335
11360,92851,11389
11361,93734,8285
11362,100528,12015
11363,98111,21953
11364,90970,7957
11365,73279,7631
11366,100781,19670
11367,71469,8049
11368,62254,3426
11369,66132,3557
11370,67241,9118
11372,62910,5117
11373,62072,2983
11374,79221,4286
11375,96321,5116
11377,66325,3513
11378,85464,5439
11379,88672,7823
11385,77350,3382
11411,108131,6020
11412,93429,6787
11413,104236,5380
11414,86113,9709
11415,80360,7273
11416,76477,6021
11417,78498,7025
11418,77708,6305
11419,84245,4981
11420,89027,4521
11421,76721,3911
11422,95945,5424
11423,69386,7510
11426,102818,11741
11427,84000,8397
11428,83417,8814
11429,89318,11552
11432,66246,5741
11433,68801,4688
11434,66546,3607
11435,71346,2800
11436,78306,7494
11501,113729,10567
11507,139025,12923
11509,143333,9854
11510,126776,5850
11514,113875,22408
11516,94639,27399
11518,96889,22853
11520,100867,7627
11530,169333,14104
11542,82049,6208
11545,150815,28346
11548,139167,32856
11550,76430,5780
11552,133423,10941
11553,91809,10374
11554,126079,10757
11557,151107,12936
11558,96710,11500
11559,100617,21192
11560,162625,38686
11561,119731,7689
11563,124978,16326
11565,138192,12492
11566,156929,12485
11568,"250,000+",***
11570,138733,14872
11572,124688,8021
11575,102908,16639
11576,207548,17060
11577,177833,11386
11579,165938,33645
11580,123750,8276
11581,121442,7759
11590,122078,8580
11596,137917,13639
11598,160186,12595
11691,54877,3849
11692,53498,5821
11693,64688,13650
11694,88643,9858
11697,113047,26222
11701,87480,9268
11702,129375,18360
11703,110889,13425
11704,110143,2671
11705,119609,20668
11706,102380,7629
11709,119760,13000
11710,151731,8219
11713,88864,11427
11714,117126,7030
11715,105425,24694
11716,109871,14503
11717,105625,9171
11718,147813,29896
11719,96736,20304
11720,114471,7060
11721,177179,32684
11722,89746,10763
11724,"250,000+",***
11725,152216,10943
11726,96953,12741
11727,84246,5466
11729,113240,7970
11730,126618,11510
11731,143093,7711
11732,104050,41202
11733,161801,18211
11735,128438,10393
11738,123313,13533
11739,162708,55400
11740,132218,23833
11741,125971,8756
11742,115984,15560
11743,144452,9591
11746,129432,8205
11747,123648,24316
11749,100771,13822
11751,110806,14601
11752,129715,22280
11753,162043,16610
11754,109208,11344
11755,114097,14821
11756,127733,5797
11757,106765,3834
11758,130315,7033
11762,145099,15209
11763,101201,6807
11764,127463,8894
11765,"250,000+",***
11766,131544,15859
11767,132990,17593
11768,147840,11678
11769,114593,22685
11770,105500,42804
11771,129648,37008
11772,95630,6291
11776,113140,10383
11777,122860,7829
11778,105764,11346
11779,106340,8565
11780,139365,14931
11782,131712,8897
11783,147969,13268
11784,93250,13177
11786,147132,17048
11787,136182,7934
11788,129316,10803
11789,115750,9972
11790,135880,21461
11791,171719,14059
11792,138320,27024
11793,156750,11382
11795,142385,8268
11796,142522,29241
11797,190093,27472
11798,88201,8182
11801,121688,10130
11803,166829,7835
11804,154483,39215
11901,74235,7766
11930,144318,52935
11932,111979,46050
11933,67500,17431
11934,133086,26806
11935,111250,25572
11937,124469,13629
11939,90048,28318
11940,117209,10952
11941,109921,23073
11942,91941,19411
11944,66989,12857
11946,103996,9454
11948,113563,47344
11949,109613,17701
11950,95649,14607
11951,88601,17715
11952,96150,12920
11953,86563,12047
11954,135927,31765
11955,66148,10036
11956,93611,37963
11957,78045,18741
11958,91154,67317
11959,145341,130776
11960,153646,31838
11961,73549,11392
11962,113125,72076
11963,100577,14125
11964,100813,81302
11965,91831,71739
11967,99209,9621
11968,128913,11828
11971,96319,19599
11975,148958,123621
11976,161442,140011
11977,133625,37972
11978,101444,15106
11980,95865,20523
12008,126076,22185
12009,100000,10349
12010,49705,3250
12015,74318,12487
12018,111667,10809
12019,102175,13802
12020,92344,5382
12022,84722,23383
12023,94097,16596
12025,64771,8161
12027,96780,19292
12028,73988,18549
12029,92024,13687
12031,62125,43438
12032,61250,24542
12033,82948,6814
12035,57083,30341
12036,36957,9189
12037,82273,11510
12040,68542,22239
12041,106484,42654
12042,72232,16764
12043,62204,11655
12045,68977,32012
12046,58375,55731
12047,65147,6177
12051,60221,24356
12052,104167,10648
12053,82847,19389
12054,117984,10665
12056,96417,18888
12057,77017,17529
12058,74952,16371
12059,90696,12928
12060,96964,29117
12061,108490,9569
12062,77321,9867
12063,78542,12037
12064,48750,29407
12065,106346,3914
12066,76310,12238
12067,108750,43957
12068,67232,10107
12070,54673,23170
12071,55139,20733
12072,70543,7585
12074,80859,21881
12075,70697,10276
12076,58289,7400
12077,116406,29493
12078,46386,3135
12083,80926,9497
12084,83051,16738
12085,35074,11244
12086,70000,4963
12087,78977,30402
12090,58229,7713
12092,61513,19886
12093,56250,7502
12094,97692,27028
12095,59904,9008
12106,77260,15244
12108,75809,7537
12110,93533,5621
12115,113750,39055
12116,74500,12359
12117,65724,14989
12118,83438,7388
12120,68750,38861
12121,108561,27324
12122,50278,7233
12123,94342,10140
12125,61750,15224
12130,74028,27297
12131,38750,31208
12132,113382,70006
12134,61667,8843
12136,116471,42290
12137,86952,16037
12138,66974,14130
12139,64250,43655
12140,89744,42294
12143,71750,20092
12144,85993,4679
12147,65083,23487
12148,117042,35295
12149,62083,7464
12150,79219,18245
12151,96000,18351
12153,77105,20396
12154,84063,17063
12155,54632,17032
12156,92708,37611
12157,66628,4707
12158,84388,10366
12159,103070,12861
12160,75375,16538
12164,61964,12592
12166,66488,9308
12167,52770,5223
12168,77946,15017
12169,37342,15968
12170,91328,5727
12172,54141,16419
12173,75139,15844
12175,77837,6394
12176,37917,9741
12177,78306,18277
12180,61595,2963
12182,53972,5717
12183,57750,21887
12184,82647,10873
12185,81504,17878
12186,108654,10526
12187,63646,24085
12188,75269,9859
12189,53443,4470
12190,44750,37008
12192,90495,17535
12193,66988,25309
12194,46250,20262
12195,128559,12487
12196,99932,15426
12197,77250,16240
12198,87114,8001
12202,45659,9526
12203,71001,4654
12204,62391,5704
12205,83103,5165
12206,32994,7590
12207,22670,8115
12208,66624,6237
12209,68185,8120
12210,47177,8671
12211,121209,17423
12302,83692,5415
12303,71573,5485
12304,55725,5926
12305,46367,12049
12306,71859,6188
12307,30151,10681
12308,51498,1932
12309,111830,4524
12401,61261,2865
12404,64188,28706
12405,60288,31280
12406,60313,24273
12407,75714,43193
12409,101724,35368
12410,27614,20991
12411,58750,22655
12412,70495,50713
12413,53795,10987
12414,53229,7634
12417,89038,43946
12418,68182,15632
12419,63553,36173
12420,105857,16054
12421,75714,15256
12422,51600,30483
12423,58000,11503
12424,56000,10579
12427,115274,67270
12428,50357,12120
12430,58942,17025
12431,82697,31280
12432,34444,21653
12433,48875,45352
12434,40638,3892
12435,73319,14522
12439,39659,35775
12440,93250,29912
12441,47593,25905
12442,24474,12965
12443,109205,24162
12444,61328,19033
12446,67733,8923
12448,185139,100346
12449,66875,16543
12451,58036,24271
12452,53438,51470
12454,55938,4711
12455,53750,27335
12456,84310,43629
12457,64659,18017
12458,55658,14134
12459,90114,26377
12461,86885,36141
12464,62083,16221
12465,60781,29053
12466,64400,15739
12468,46250,15566
12469,86691,29147
12470,73036,59104
12472,57500,8955
12473,87391,25649
12474,64000,32364
12477,66516,7828
12480,103516,96068
12481,59099,17207
12484,66364,26964
12485,56705,46898
12486,79406,17245
12487,68750,44572
12491,85938,24882
12492,114286,30188
12494,125725,27710
12495,58654,20567
12496,71364,21165
12498,58262,15317
12501,65299,14332
12502,79722,18700
12503,88958,19417
12507,100714,25963
12508,88910,13860
12512,130521,90827
12513,37679,15968
12514,113490,31996
12515,96118,87090
12516,116290,32662
12517,89457,25409
12518,95867,11106
12520,106433,11983
12521,76250,34260
12522,66283,11893
12523,61100,18906
12524,82556,5454
12525,80893,15364
12526,83067,5172
12528,78952,7977
12529,80362,14034
12531,123784,35100
12533,120362,10467
12534,61361,8297
12538,78445,10289
12540,105685,8584
12542,99911,16097
12543,80438,8797
12545,92218,27899
12546,72201,12482
12547,99219,32804
12548,73482,22088
12549,106435,6957
12550,69671,5428
12553,91698,11974
12561,80558,8442
12563,95000,15561
12564,106850,8977
12565,54477,6596
12566,94570,15637
12567,77813,12110
12569,89275,15519
12570,106557,6052
12571,102455,8040
12572,86700,13189
12575,134297,33732
12577,138676,68675
12578,67708,34279
12580,97961,37457
12581,78571,30896
12582,121771,16091
12583,81154,14855
12585,90167,14687
12586,75845,10347
12589,100771,9974
12590,96726,7494
12592,59668,18244
12594,83924,14969
12601,53105,3319
12603,92480,7843
12701,49653,7014
12719,69656,16423
12721,74947,11186
12723,79188,29847
12725,74286,37699
12726,65539,14946
12729,69000,36701
12732,45000,27796
12733,30231,16275
12734,55298,20553
12736,38468,14103
12737,94722,22113
12738,61250,18846
12740,79347,12229
12741,49028,40825
12742,51771,32474
12743,83500,63734
12746,65368,33936
12747,62589,26315
12748,73191,15752
12752,80313,65551
12754,47332,8240
12758,54858,14647
12759,40000,28177
12760,78906,25627
12762,59265,18647
12764,51030,2946
12765,77019,51042
12766,68393,23878
12767,60625,48129
12768,48125,32113
12770,87250,37844
12771,56228,6949
12775,81535,15326
12776,73125,29159
12777,122500,26340
12780,49764,8397
12781,66208,7465
12783,57100,19522
12785,108267,27409
12786,112279,66641
12787,105000,88950
12788,84423,27354
12789,61956,9266
12790,85219,9149
12791,83576,28702
12801,60700,4452
12803,66449,15149
12804,83204,6327
12808,95250,28486
12809,59669,10698
12810,61691,6777
12811,45096,3831
12812,167984,43430
12814,96328,23062
12815,58125,16005
12816,63739,7299
12817,67332,16701
12819,82813,24146
12820,126324,46158
12822,67558,4665
12823,110081,17082
12824,94861,21041
12827,74596,7527
12828,72813,11716
12831,91827,7811
12832,55383,8522
12833,87669,23791
12834,76681,6550
12835,65307,9180
12836,80320,9298
12837,69130,11663
12838,58476,5155
12839,57248,6440
12841,57130,25543
12842,53875,38999
12843,60000,21416
12844,124226,72985
12845,82857,21620
12846,54565,16630
12847,75167,25475
12850,87619,8124
12851,66667,20866
12852,47000,20450
12853,49440,7472
12855,57500,8536
12856,51402,1112
12857,65000,7756
12858,106250,89732
12859,102625,30263
12860,85556,13707
12861,83929,12123
12863,84514,36854
12865,62381,6574
12866,91935,4518
12870,57643,5728
12871,77500,12531
12873,84671,21981
12874,119375,48097
12878,66591,13272
12883,59591,11612
12884,40703,12818
12885,57579,9822
12886,110417,2183
12887,57279,18370
12901,55588,3834
12903,75060,7745
12910,47396,12751
12912,66667,13596
12913,66012,13977
12914,51458,25175
12915,34375,24219
12916,58125,18089
12917,62684,5695
12918,79455,19097
12919,58641,7907
12920,59688,13290
12921,74574,13047
12923,56364,8570
12926,52875,10197
12927,53125,37910
12928,68669,11185
12929,48571,22269
12930,59050,4966
12932,56000,21196
12934,63468,5622
12935,58320,8034
12936,66010,3780
12937,44688,9431
12941,71500,26646
12942,68333,38750
12943,44750,33342
12944,63242,6945
12945,78810,18239
12946,71061,22247
12950,70063,24496
12952,86786,51830
12953,55906,9471
12955,57188,29871
12956,34181,24500
12957,45324,18548
12958,63664,23998
12959,46502,15998
12960,50813,24061
12962,59492,6355
12964,87188,46252
12965,45625,32491
12966,65417,13110
12967,60515,13260
12969,46563,19734
12970,78750,17153
12972,94899,13653
12973,47813,26574
12974,53259,21893
12975,57455,6597
12976,61719,19629
12978,86219,12868
12979,42267,7332
12980,56411,7185
12981,74583,30711
12983,59573,5095
12985,70247,43217
12986,57578,7044
12987,97857,29371
12989,79896,16991
12992,69981,13927
12993,54886,12862
12996,70163,25392
12997,70703,15741
12998,42644,31348
13020,66458,3653
13021,52836,2574
13026,84077,3645
13027,81806,3925
13028,91833,18092
13029,82056,14711
13030,66696,12110
13031,82289,5707
13032,64358,4833
13033,68565,7202
13034,79028,15626
13035,87546,11747
13036,74762,8675
13037,74785,9947
13039,96111,5045
13040,57688,6818
13041,96793,11484
13042,65179,22965
13044,64441,42089
13045,59385,3593
13052,66181,12188
13053,72188,11422
13054,87625,17107
13057,66404,3013
13060,50417,14109
13061,76818,13243
13063,81607,21049
13065,102446,32961
13066,108293,7871
13068,71335,5407
13069,54754,4533
13071,66250,6565
13072,58295,5061
13073,63692,9252
13074,66786,9533
13076,82021,20709
13077,66002,6822
13078,99628,8772
13080,65559,7847
13081,93295,6683
13082,79045,9003
13083,72607,9881
13084,89375,14273
13087,115417,107913
13088,64647,3310
13090,77273,6549
13092,59620,15979
13101,58878,6662
13103,24712,19810
13104,108705,11203
13108,81663,5040
13110,96250,21050
13111,60845,16667
13112,93500,24025
13113,53750,52200
13114,66765,6527
13115,65000,13946
13116,72500,23371
13117,37841,20045
13118,62708,6412
13120,70966,12110
13122,53617,16359
13124,69000,17604
13126,58378,3901
13131,54779,7807
13132,64656,22554
13134,76750,48015
13135,71000,6855
13136,38333,28082
13140,54954,6819
13141,79000,12071
13142,77803,21563
13143,63343,6434
13144,47813,12761
13145,44167,13198
13146,58194,2359
13147,60833,16284
13148,54294,5000
13152,90781,10113
13153,nA,**
13155,57941,7556
13156,57857,10705
13157,35906,4733
13158,76154,9683
13159,84618,10617
13160,79125,11572
13162,74417,68469
13163,72500,27946
13164,95924,13485
13165,58870,6984
13166,69283,8457
13167,70104,18254
13202,22465,12192
13203,40118,4817
13204,38050,2891
13205,33874,3519
13206,51360,2284
13207,51902,5078
13208,40868,3857
13209,54833,6321
13210,34277,3816
13211,63258,5896
13212,67719,4178
13214,73929,11621
13215,94331,10264
13219,74679,5484
13224,68203,9624
13301,108162,18791
13302,50536,6898
13303,75469,15188
13304,86667,26093
13305,43523,22230
13308,75018,7199
13309,63306,9636
13310,62857,22460
13312,75231,7903
13313,40833,13139
13315,66413,14889
13316,56582,11170
13317,56271,7873
13318,76295,6303
13319,53456,28183
13320,66750,8107
13321,50798,3239
13322,80609,5026
13323,76032,10972
13324,66974,9277
13325,65000,8577
13326,73889,10131
13327,60750,10680
13328,81898,28631
13329,48945,7602
13331,61607,19760
13332,57232,6743
13333,53636,25082
13334,57778,20436
13335,50694,14904
13337,97670,5938
13338,45455,21219
13339,51506,8632
13340,62206,6699
13342,63958,24811
13343,62969,4360
13345,92778,67337
13346,54966,20720
13348,71468,2844
13350,54792,7763
13354,78388,7158
13355,62917,56686
13357,60908,9249
13360,92857,72690
13361,72083,34940
13363,81357,6805
13364,70288,7678
13365,54940,8477
13367,59655,3829
13368,50880,5318
13402,66019,14642
13403,95700,8076
13404,45000,28392
13406,84861,16006
13407,65434,9491
13408,55556,13707
13409,61026,6892
13410,42500,36212
13411,52500,6241
13413,84262,7634
13415,52250,21037
13416,64000,14835
13417,48260,11424
13420,95700,11007
13421,55652,8070
13424,65875,12925
13425,55795,12915
13428,55677,14471
13431,78370,9279
13433,50417,8968
13435,54500,31584
13436,76875,31067
13437,56528,8686
13438,64583,11425
13439,50833,6312
13440,59486,3751
13450,53333,14966
13452,56307,7918
13454,78250,57005
13456,79625,8758
13459,59349,2855
13460,55422,5660
13461,80179,10103
13464,50377,2470
13468,50521,12370
13469,97361,24466
13470,50625,15374
13471,57035,4770
13473,87727,17067
13475,73542,53368
13476,64899,15715
13477,59922,38247
13478,66139,7346
13480,61964,6001
13482,39792,32249
13483,86976,21831
13485,61076,2526
13486,54514,18209
13488,44375,34429
13489,53333,11985
13490,79700,4679
13491,57156,5408
13492,77143,5949
13493,63333,14237
13494,66389,44999
13495,57581,5986
13501,44904,3658
13502,50220,3279
13601,53813,3086
13603,53392,3924
13605,67162,11769
13606,70833,26527
13607,49427,8068
13608,68450,8182
13611,49522,47068
13612,59063,15696
13613,52098,10938
13615,90978,21601
13616,44348,13190
13617,62692,10089
13618,58750,12686
13619,57343,6029
13620,53484,6494
13621,42031,25509
13622,68664,8495
13623,28750,26408
13624,74450,7096
13625,65781,11838
13626,70134,7110
13628,36458,16048
13630,47955,17045
13633,53333,21538
13634,66753,14837
13635,57292,15689
13636,56250,22230
13637,57899,2553
13640,70139,31116
13641,66250,36493
13642,41835,5192
13646,55441,11526
13648,51339,9999
13650,77554,17681
13651,105694,39917
13652,57936,5032
13654,54583,13401
13656,55000,17073
13658,69228,18978
13659,56094,7327
13660,65000,16892
13661,73690,7020
13662,57844,6749
13664,67000,18154
13665,57963,11795
13666,31833,11635
13667,42457,5918
13668,77986,13020
13669,56869,5111
13670,42250,25128
13672,62738,30455
13673,48250,9302
13676,54597,6181
13678,23639,12853
13679,71196,20043
13680,56442,23614
13681,44315,2589
13682,85089,18383
13684,58125,10682
13685,73875,13076
13687,46094,14966
13690,43106,3173
13691,68208,11467
13692,128333,93301
13693,57614,35538
13694,66406,19649
13695,106094,58660
13696,50804,26649
13697,46852,9587
13730,62730,5443
13731,65417,23568
13732,81765,12762
13733,53625,4236
13734,70479,8148
13736,63050,11454
13739,53542,15890
13740,65938,13143
13743,54250,24253
13744,66985,20722
13746,53525,5660
13748,59107,16900
13750,55500,21824
13752,55598,12438
13753,61875,4407
13754,47159,9204
13755,63355,20309
13756,74792,38238
13757,68125,17205
13760,58202,2848
13774,58688,29358
13775,69643,20787
13776,84286,17144
13777,77857,56359
13778,60139,4699
13780,70529,13380
13782,60500,24482
13783,43702,9284
13784,66436,3934
13786,43850,2597
13787,59504,12541
13788,65833,20513
13790,49959,4478
13795,49393,13464
13796,48412,3175
13797,57027,10124
13801,59964,13688
13803,63500,5086
13804,60568,15252
13806,96000,71223
13807,71131,18782
13808,50917,8938
13809,50139,13629
13810,81042,22455
13811,69519,7745
13812,67361,14167
13813,95208,79512
13815,54018,6212
13820,59604,3112
13825,54139,15356
13826,86703,44105
13827,63392,3548
13830,53554,6114
13832,47841,22864
13833,53529,8547
13834,49878,29917
13835,61923,9960
13838,44727,11098
13839,57000,10962
13841,50125,7063
13842,64000,18329
13843,64931,18438
13844,58466,8524
13846,28971,16152
13849,51493,6631
13850,70760,9014
13856,45262,4317
13859,90208,70228
13861,49712,10991
13862,51972,4615
13863,58750,23130
13864,49041,10756
13865,58813,14971
13901,45070,4328
13903,53804,4194
13904,52678,6354
13905,46999,4329
14001,67832,6135
14004,75568,6373
14005,84297,15385
14006,56949,6509
14008,61691,20879
14009,56160,4662
14011,70233,7820
14012,60250,14320
14013,62634,11421
14020,54581,4348
14024,61466,5287
14025,93200,17766
14026,61058,38590
14027,53214,39009
14028,62849,23663
14030,76406,11991
14031,81339,18724
14032,134256,18175
14033,73750,9285
14034,70296,11068
14035,90500,32096
14036,79268,12469
14037,62054,21438
14039,35833,10702
14040,70865,9074
14042,49483,12837
14043,65289,4431
14047,66882,9962
14048,39604,5054
14051,108065,13564
14052,96802,11121
14054,66563,13773
14055,45347,30363
14057,80319,7305
14058,72857,12351
14059,70596,12890
14060,50000,42160
14061,103571,85336
14062,59375,7960
14063,64157,7446
14065,64395,7843
14066,58558,10410
14067,63701,15778
14068,105698,15750
14069,73693,19794
14070,51988,4612
14072,97128,10562
14075,69876,4938
14080,64511,15118
14081,41719,11612
14082,62375,33825
14085,99728,8494
14086,88615,3947
14091,72031,26163
14092,64370,9899
14094,65812,2652
14098,58955,7338
14101,56094,15154
14102,112424,16348
14103,54387,4609
14105,73125,14948
14108,61159,6797
14111,68519,7334
14113,66563,47356
14120,70248,3639
14125,60536,11021
14126,74205,71795
14127,94558,4843
14129,62857,17667
14130,60114,10717
14131,84085,14974
14132,79725,15932
14136,62500,8107
14138,50000,10612
14139,73393,8692
14141,59439,10025
14143,79000,14367
14145,85714,20029
14150,62852,3500
14166,85974,12682
14167,67961,11193
14169,51589,8113
14170,85755,28117
14171,67604,5974
14172,56625,12881
14173,85547,25383
14174,77601,12295
14201,31942,4457
14202,50526,16330
14203,42067,16828
14204,24518,3963
14206,41741,3334
14207,32186,4056
14208,41084,6945
14209,43891,4558
14210,41678,9161
14211,30003,3311
14212,31376,2819
14213,43650,3286
14214,52144,5368
14215,37974,3289
14216,62243,4453
14217,61885,6998
14218,45236,4226
14219,66763,8453
14220,62643,4025
14221,89001,3925
14222,69739,11494
14223,72939,4038
14224,71537,3030
14225,56632,2268
14226,75690,3591
14227,61510,3747
14228,63670,5683
14301,31406,4552
14302,"25,000",***
14303,36808,5973
14304,59431,4940
14305,42754,5797
14411,46929,6096
14414,62589,9418
14415,38750,28734
14416,73516,9576
14418,42432,18237
14420,61554,6186
14422,73966,9294
14423,67614,12567
14424,69879,5644
14425,73750,9099
14427,59145,9982
14428,78322,8846
14432,71589,10831
14433,54859,8629
14435,73125,13308
14437,60044,5362
14441,49750,15544
14445,61380,10922
14450,97268,5049
14454,53288,11701
14456,62789,4158
14462,76600,5051
14463,56250,49524
14464,61422,9073
14466,92590,28231
14467,77944,9503
14468,83543,6159
14469,64500,9578
14470,60313,9753
14471,65682,4508
14472,112958,11895
14475,105469,49069
14476,79196,9817
14477,72778,16075
14478,84485,27274
14479,70872,53332
14480,80013,67380
14481,70250,7158
14482,67159,11152
14485,64229,10196
14486,101250,71568
14487,81875,12817
14489,57925,5351
14502,79578,7148
14504,56833,7019
14505,65172,11153
14506,64688,32647
14507,61429,14556
14510,56753,8535
14511,60541,4218
14512,61723,2387
14513,54072,2749
14514,70804,9255
14515,50250,39089
14516,65238,7543
14517,55302,7993
14519,80125,5704
14521,55801,5750
14522,66943,9892
14525,73730,6097
14526,92273,14011
14527,55109,5771
14530,56142,3972
14532,77105,12809
14533,64896,25752
14534,124152,7365
14536,49167,15856
14541,72463,6214
14543,105575,12280
14544,59615,12123
14545,95938,25707
14546,75641,10717
14548,68399,9653
14550,54107,13073
14551,54782,10979
14555,65875,10997
14557,44271,39484
14559,87077,11318
14560,63730,5300
14561,81065,14516
14564,101125,9507
14568,91726,16109
14569,55059,10096
14571,68250,14912
14572,55565,11120
14580,85473,6658
14585,36992,11733
14586,100542,12516
14589,70098,9505
14590,56225,6739
14591,62955,19212
14592,56250,47819
14604,42574,24196
14605,22523,3157
14606,52264,3021
14607,53054,6466
14608,28901,2346
14609,53422,2840
14610,74013,10511
14611,28806,4405
14612,68421,4102
14613,32308,6782
14614,50333,25714
14615,47477,6153
14616,57819,4395
14617,76365,4823
14618,108665,9739
14619,55732,5723
14620,54363,3165
14621,30296,2053
14622,65850,4613
14623,56533,4952
14624,80325,5331
14625,91282,12482
14626,75188,3377
14701,44462,2384
14706,63301,11518
14707,49167,19827
14708,65455,8866
14709,52188,7910
14710,59135,5958
14711,57813,8790
14712,65179,15455
14714,86250,33084
14715,45110,3380
14716,44050,6108
14717,50568,13044
14718,56313,7523
14719,57208,5177
14720,39167,26208
14721,50556,47722
14723,60272,3518
14724,61875,6638
14726,50764,10788
14727,56741,5861
14728,59271,18321
14729,66083,9736
14731,62024,13751
14732,44688,42647
14733,49286,8844
14735,59625,8846
14736,67679,26600
14737,51227,5245
14738,53724,11411
14739,47672,7769
14740,65163,12977
14741,67230,5905
14743,53250,16116
14744,72417,14048
14747,54444,6156
14748,35313,16566
14750,63580,13936
14753,38472,11788
14754,48409,9170
14755,54200,4958
14757,57316,13180
14760,48948,5407
14767,60556,9574
14769,54917,6429
14770,53992,5663
14772,59653,10868
14775,47101,6638
14777,55268,11677
14779,38059,2460
14781,49605,8692
14782,53730,7403
14783,36818,8129
14784,85298,19564
14787,41035,11120
14801,56944,4934
14802,46111,16091
14803,51344,5667
14804,72656,9053
14805,48393,5468
14806,59107,5308
14807,54899,7485
14808,75313,38052
14809,53697,6027
14810,42302,2782
14812,58000,11016
14813,50000,7700
14814,101658,16882
14815,53068,15098
14817,80259,14121
14818,78177,11085
14819,51071,15861
14820,60521,6473
14821,63190,13305
14822,56111,6113
14823,56611,2060
14824,56875,45096
14825,69526,7629
14826,56683,8056
14827,70238,23303
14830,66366,3172
14836,64747,8538
14837,58896,4054
14838,61587,7241
14839,75893,11746
14840,66136,7710
14841,62083,45802
14842,62358,7440
14843,53247,6739
14845,67026,6085
14846,61528,8974
14847,64779,7301
14850,58846,4271
14855,55000,17976
14858,67273,12836
14859,62344,18923
14860,60391,11164
14861,50156,10623
14864,59375,10243
14865,40417,16593
14867,63161,12143
14869,61188,8392
14870,83929,11655
14871,62306,6783
14872,59375,41501
14873,50197,7340
14874,93750,9017
14877,59500,20646
14878,79107,17896
14879,61250,10613
14880,50000,11228
14881,72206,15766
14882,89519,10094
14883,62183,8815
14884,54833,11922
14885,61324,11771
14886,67895,10981
14889,60625,17251
14891,52663,6644
14892,50038,9465
14894,63173,12895
14895,54385,4700
14897,45862,3556
14898,48281,8888
14901,35417,2551
14903,61418,6132
14904,49963,7076
14905,74386,5163